,0,1,2
0,Fulham FC,Arsenal FC,AWAY_TEAM
1,Crystal Palace FC,Southampton FC,HOME_TEAM
2,Liverpool FC,Leeds United FC,HOME_TEAM
3,West Ham United FC,Newcastle United FC,AWAY_TEAM
4,West Bromwich Albion FC,Leicester City FC,AWAY_TEAM
5,Tottenham Hotspur FC,Everton FC,AWAY_TEAM
6,Sheffield United FC,Wolverhampton Wanderers FC,AWAY_TEAM
7,Brighton & Hove Albion FC,Chelsea FC,AWAY_TEAM
8,Everton FC,West Bromwich Albion FC,HOME_TEAM
9,Leeds United FC,Fulham FC,HOME_TEAM
10,Manchester United FC,Crystal Palace FC,AWAY_TEAM
11,Arsenal FC,West Ham United FC,HOME_TEAM
12,Southampton FC,Tottenham Hotspur FC,AWAY_TEAM
13,Newcastle United FC,Brighton & Hove Albion FC,AWAY_TEAM
14,Chelsea FC,Liverpool FC,AWAY_TEAM
15,Leicester City FC,Burnley FC,HOME_TEAM
16,Aston Villa FC,Sheffield United FC,HOME_TEAM
17,Wolverhampton Wanderers FC,Manchester City FC,AWAY_TEAM
18,Brighton & Hove Albion FC,Manchester United FC,AWAY_TEAM
19,Crystal Palace FC,Everton FC,AWAY_TEAM
20,West Bromwich Albion FC,Chelsea FC,DRAW
21,Burnley FC,Southampton FC,AWAY_TEAM
22,Sheffield United FC,Leeds United FC,AWAY_TEAM
23,Tottenham Hotspur FC,Newcastle United FC,DRAW
24,Manchester City FC,Leicester City FC,AWAY_TEAM
25,West Ham United FC,Wolverhampton Wanderers FC,HOME_TEAM
26,Fulham FC,Aston Villa FC,AWAY_TEAM
27,Liverpool FC,Arsenal FC,HOME_TEAM
28,Chelsea FC,Crystal Palace FC,HOME_TEAM
29,Everton FC,Brighton & Hove Albion FC,HOME_TEAM
30,Leeds United FC,Manchester City FC,DRAW
31,Newcastle United FC,Burnley FC,HOME_TEAM
32,Leicester City FC,West Ham United FC,AWAY_TEAM
33,Southampton FC,West Bromwich Albion FC,HOME_TEAM
34,Wolverhampton Wanderers FC,Fulham FC,HOME_TEAM
35,Arsenal FC,Sheffield United FC,HOME_TEAM
36,Manchester United FC,Tottenham Hotspur FC,AWAY_TEAM
37,Aston Villa FC,Liverpool FC,HOME_TEAM
38,Everton FC,Liverpool FC,DRAW
39,Chelsea FC,Southampton FC,DRAW
40,Manchester City FC,Arsenal FC,HOME_TEAM
41,Newcastle United FC,Manchester United FC,AWAY_TEAM
42,Sheffield United FC,Fulham FC,DRAW
43,Crystal Palace FC,Brighton & Hove Albion FC,DRAW
44,Tottenham Hotspur FC,West Ham United FC,DRAW
45,Leicester City FC,Aston Villa FC,AWAY_TEAM
46,West Bromwich Albion FC,Burnley FC,DRAW
47,Leeds United FC,Wolverhampton Wanderers FC,AWAY_TEAM
48,Aston Villa FC,Leeds United FC,AWAY_TEAM
49,West Ham United FC,Manchester City FC,DRAW
50,Fulham FC,Crystal Palace FC,AWAY_TEAM
51,Manchester United FC,Chelsea FC,DRAW
52,Liverpool FC,Sheffield United FC,HOME_TEAM
53,Southampton FC,Everton FC,HOME_TEAM
54,Wolverhampton Wanderers FC,Newcastle United FC,DRAW
55,Arsenal FC,Leicester City FC,AWAY_TEAM
56,Brighton & Hove Albion FC,West Bromwich Albion FC,DRAW
57,Burnley FC,Tottenham Hotspur FC,AWAY_TEAM
58,Wolverhampton Wanderers FC,Crystal Palace FC,HOME_TEAM
59,Sheffield United FC,Manchester City FC,AWAY_TEAM
60,Burnley FC,Chelsea FC,AWAY_TEAM
61,Liverpool FC,West Ham United FC,HOME_TEAM
62,Aston Villa FC,Southampton FC,AWAY_TEAM
63,Newcastle United FC,Everton FC,HOME_TEAM
64,Manchester United FC,Arsenal FC,AWAY_TEAM
65,Tottenham Hotspur FC,Brighton & Hove Albion FC,HOME_TEAM
66,Fulham FC,West Bromwich Albion FC,HOME_TEAM
67,Leeds United FC,Leicester City FC,AWAY_TEAM
68,Brighton & Hove Albion FC,Burnley FC,DRAW
69,Southampton FC,Newcastle United FC,HOME_TEAM
70,Everton FC,Manchester United FC,AWAY_TEAM
71,Crystal Palace FC,Leeds United FC,HOME_TEAM
72,Chelsea FC,Sheffield United FC,HOME_TEAM
73,West Ham United FC,Fulham FC,HOME_TEAM
74,West Bromwich Albion FC,Tottenham Hotspur FC,AWAY_TEAM
75,Leicester City FC,Wolverhampton Wanderers FC,HOME_TEAM
76,Manchester City FC,Liverpool FC,DRAW
77,Arsenal FC,Aston Villa FC,AWAY_TEAM
78,Newcastle United FC,Chelsea FC,AWAY_TEAM
79,Aston Villa FC,Brighton & Hove Albion FC,AWAY_TEAM
80,Tottenham Hotspur FC,Manchester City FC,HOME_TEAM
81,Manchester United FC,West Bromwich Albion FC,HOME_TEAM
82,Fulham FC,Everton FC,AWAY_TEAM
83,Sheffield United FC,West Ham United FC,AWAY_TEAM
84,Leeds United FC,Arsenal FC,DRAW
85,Liverpool FC,Leicester City FC,HOME_TEAM
86,Burnley FC,Crystal Palace FC,HOME_TEAM
87,Wolverhampton Wanderers FC,Southampton FC,DRAW
88,Crystal Palace FC,Newcastle United FC,AWAY_TEAM
89,Brighton & Hove Albion FC,Liverpool FC,DRAW
90,Manchester City FC,Burnley FC,HOME_TEAM
91,Everton FC,Leeds United FC,AWAY_TEAM
92,West Bromwich Albion FC,Sheffield United FC,HOME_TEAM
93,Southampton FC,Manchester United FC,AWAY_TEAM
94,Chelsea FC,Tottenham Hotspur FC,DRAW
95,Arsenal FC,Wolverhampton Wanderers FC,AWAY_TEAM
96,Leicester City FC,Fulham FC,AWAY_TEAM
97,West Ham United FC,Aston Villa FC,HOME_TEAM
98,Burnley FC,Everton FC,DRAW
99,Manchester City FC,Fulham FC,HOME_TEAM
100,West Ham United FC,Manchester United FC,AWAY_TEAM
101,Chelsea FC,Leeds United FC,HOME_TEAM
102,West Bromwich Albion FC,Crystal Palace FC,AWAY_TEAM
103,Sheffield United FC,Leicester City FC,AWAY_TEAM
104,Tottenham Hotspur FC,Arsenal FC,HOME_TEAM
105,Liverpool FC,Wolverhampton Wanderers FC,HOME_TEAM
106,Brighton & Hove Albion FC,Southampton FC,AWAY_TEAM
107,Leeds United FC,West Ham United FC,AWAY_TEAM
108,Wolverhampton Wanderers FC,Aston Villa FC,AWAY_TEAM
109,Newcastle United FC,West Bromwich Albion FC,HOME_TEAM
110,Manchester United FC,Manchester City FC,DRAW
111,Everton FC,Chelsea FC,HOME_TEAM
112,Southampton FC,Sheffield United FC,HOME_TEAM
113,Crystal Palace FC,Tottenham Hotspur FC,DRAW
114,Fulham FC,Liverpool FC,DRAW
115,Leicester City FC,Brighton & Hove Albion FC,HOME_TEAM
116,Arsenal FC,Burnley FC,AWAY_TEAM
117,Wolverhampton Wanderers FC,Chelsea FC,HOME_TEAM
118,Manchester City FC,West Bromwich Albion FC,DRAW
119,Arsenal FC,Southampton FC,DRAW
120,Leicester City FC,Everton FC,AWAY_TEAM
121,Leeds United FC,Newcastle United FC,HOME_TEAM
122,Fulham FC,Brighton & Hove Albion FC,DRAW
123,West Ham United FC,Crystal Palace FC,DRAW
124,Liverpool FC,Tottenham Hotspur FC,HOME_TEAM
125,Aston Villa FC,Burnley FC,DRAW
126,Sheffield United FC,Manchester United FC,AWAY_TEAM
127,Crystal Palace FC,Liverpool FC,AWAY_TEAM
128,Southampton FC,Manchester City FC,AWAY_TEAM
129,Everton FC,Arsenal FC,HOME_TEAM
130,Newcastle United FC,Fulham FC,DRAW
131,Brighton & Hove Albion FC,Sheffield United FC,DRAW
132,Tottenham Hotspur FC,Leicester City FC,AWAY_TEAM
133,Manchester United FC,Leeds United FC,HOME_TEAM
134,West Bromwich Albion FC,Aston Villa FC,AWAY_TEAM
135,Burnley FC,Wolverhampton Wanderers FC,HOME_TEAM
136,Chelsea FC,West Ham United FC,HOME_TEAM
137,Leicester City FC,Manchester United FC,DRAW
138,Fulham FC,Southampton FC,DRAW
139,Aston Villa FC,Crystal Palace FC,HOME_TEAM
140,Arsenal FC,Chelsea FC,HOME_TEAM
141,Manchester City FC,Newcastle United FC,HOME_TEAM
142,Sheffield United FC,Everton FC,AWAY_TEAM
143,Leeds United FC,Burnley FC,HOME_TEAM
144,West Ham United FC,Brighton & Hove Albion FC,DRAW
145,Liverpool FC,West Bromwich Albion FC,DRAW
146,Wolverhampton Wanderers FC,Tottenham Hotspur FC,DRAW
147,Crystal Palace FC,Leicester City FC,DRAW
148,Chelsea FC,Aston Villa FC,DRAW
149,West Bromwich Albion FC,Leeds United FC,AWAY_TEAM
150,Burnley FC,Sheffield United FC,HOME_TEAM
151,Southampton FC,West Ham United FC,DRAW
152,Brighton & Hove Albion FC,Arsenal FC,AWAY_TEAM
153,Manchester United FC,Wolverhampton Wanderers FC,HOME_TEAM
154,Newcastle United FC,Liverpool FC,DRAW
155,Everton FC,West Ham United FC,AWAY_TEAM
156,Manchester United FC,Aston Villa FC,HOME_TEAM
157,Tottenham Hotspur FC,Leeds United FC,HOME_TEAM
158,Crystal Palace FC,Sheffield United FC,HOME_TEAM
159,Brighton & Hove Albion FC,Wolverhampton Wanderers FC,DRAW
160,West Bromwich Albion FC,Arsenal FC,AWAY_TEAM
161,Newcastle United FC,Leicester City FC,AWAY_TEAM
162,Chelsea FC,Manchester City FC,AWAY_TEAM
163,Southampton FC,Liverpool FC,HOME_TEAM
164,Sheffield United FC,Newcastle United FC,HOME_TEAM
165,Wolverhampton Wanderers FC,Everton FC,AWAY_TEAM
166,Burnley FC,Manchester United FC,AWAY_TEAM
167,Manchester City FC,Brighton & Hove Albion FC,HOME_TEAM
168,Tottenham Hotspur FC,Fulham FC,DRAW
169,Arsenal FC,Crystal Palace FC,DRAW
170,Wolverhampton Wanderers FC,West Bromwich Albion FC,AWAY_TEAM
171,West Ham United FC,Burnley FC,HOME_TEAM
172,Leeds United FC,Brighton & Hove Albion FC,AWAY_TEAM
173,Fulham FC,Chelsea FC,AWAY_TEAM
174,Leicester City FC,Southampton FC,HOME_TEAM
175,Sheffield United FC,Tottenham Hotspur FC,AWAY_TEAM
176,Liverpool FC,Manchester United FC,DRAW
177,Manchester City FC,Crystal Palace FC,HOME_TEAM
178,Arsenal FC,Newcastle United FC,HOME_TEAM
179,West Ham United FC,West Bromwich Albion FC,HOME_TEAM
180,Leicester City FC,Chelsea FC,HOME_TEAM
181,Manchester City FC,Aston Villa FC,HOME_TEAM
182,Fulham FC,Manchester United FC,AWAY_TEAM
183,Liverpool FC,Burnley FC,AWAY_TEAM
184,Aston Villa FC,Newcastle United FC,HOME_TEAM
185,Newcastle United FC,Leeds United FC,AWAY_TEAM
186,Crystal Palace FC,West Ham United FC,AWAY_TEAM
187,West Bromwich Albion FC,Manchester City FC,AWAY_TEAM
188,Southampton FC,Arsenal FC,AWAY_TEAM
189,Burnley FC,Aston Villa FC,HOME_TEAM
190,Chelsea FC,Wolverhampton Wanderers FC,DRAW
191,Brighton & Hove Albion FC,Fulham FC,DRAW
192,Everton FC,Leicester City FC,DRAW
193,Manchester United FC,Sheffield United FC,AWAY_TEAM
194,Tottenham Hotspur FC,Liverpool FC,AWAY_TEAM
195,Everton FC,Newcastle United FC,AWAY_TEAM
196,Manchester City FC,Sheffield United FC,HOME_TEAM
197,West Bromwich Albion FC,Fulham FC,DRAW
198,Crystal Palace FC,Wolverhampton Wanderers FC,HOME_TEAM
199,Arsenal FC,Manchester United FC,DRAW
200,Southampton FC,Aston Villa FC,AWAY_TEAM
201,Chelsea FC,Burnley FC,HOME_TEAM
202,Leicester City FC,Leeds United FC,AWAY_TEAM
203,West Ham United FC,Liverpool FC,AWAY_TEAM
204,Brighton & Hove Albion FC,Tottenham Hotspur FC,HOME_TEAM
205,Wolverhampton Wanderers FC,Arsenal FC,HOME_TEAM
206,Sheffield United FC,West Bromwich Albion FC,HOME_TEAM
207,Manchester United FC,Southampton FC,HOME_TEAM
208,Newcastle United FC,Crystal Palace FC,AWAY_TEAM
209,Fulham FC,Leicester City FC,AWAY_TEAM
210,Burnley FC,Manchester City FC,AWAY_TEAM
211,Leeds United FC,Everton FC,AWAY_TEAM
212,Aston Villa FC,West Ham United FC,AWAY_TEAM
213,Liverpool FC,Brighton & Hove Albion FC,AWAY_TEAM
214,Tottenham Hotspur FC,Chelsea FC,AWAY_TEAM
215,Aston Villa FC,Arsenal FC,HOME_TEAM
216,Newcastle United FC,Southampton FC,HOME_TEAM
217,Burnley FC,Brighton & Hove Albion FC,DRAW
218,Fulham FC,West Ham United FC,DRAW
219,Manchester United FC,Everton FC,DRAW
220,Tottenham Hotspur FC,West Bromwich Albion FC,HOME_TEAM
221,Wolverhampton Wanderers FC,Leicester City FC,DRAW
222,Liverpool FC,Manchester City FC,AWAY_TEAM
223,Sheffield United FC,Chelsea FC,AWAY_TEAM
224,Leeds United FC,Crystal Palace FC,HOME_TEAM
225,Leicester City FC,Liverpool FC,HOME_TEAM
226,Crystal Palace FC,Burnley FC,AWAY_TEAM
227,Manchester City FC,Tottenham Hotspur FC,HOME_TEAM
228,Brighton & Hove Albion FC,Aston Villa FC,DRAW
229,Southampton FC,Wolverhampton Wanderers FC,AWAY_TEAM
230,West Bromwich Albion FC,Manchester United FC,DRAW
231,Arsenal FC,Leeds United FC,HOME_TEAM
232,Everton FC,Fulham FC,AWAY_TEAM
233,West Ham United FC,Sheffield United FC,HOME_TEAM
234,Chelsea FC,Newcastle United FC,HOME_TEAM
235,Burnley FC,Fulham FC,DRAW
236,Everton FC,Manchester City FC,AWAY_TEAM
237,Wolverhampton Wanderers FC,Leeds United FC,HOME_TEAM
238,Southampton FC,Chelsea FC,DRAW
239,Burnley FC,West Bromwich Albion FC,DRAW
240,Liverpool FC,Everton FC,AWAY_TEAM
241,Fulham FC,Sheffield United FC,HOME_TEAM
242,West Ham United FC,Tottenham Hotspur FC,HOME_TEAM
243,Aston Villa FC,Leicester City FC,AWAY_TEAM
244,Arsenal FC,Manchester City FC,AWAY_TEAM
245,Manchester United FC,Newcastle United FC,HOME_TEAM
246,Brighton & Hove Albion FC,Crystal Palace FC,AWAY_TEAM
247,Leeds United FC,Southampton FC,HOME_TEAM
248,Manchester City FC,West Ham United FC,HOME_TEAM
249,West Bromwich Albion FC,Brighton & Hove Albion FC,HOME_TEAM
250,Leeds United FC,Aston Villa FC,AWAY_TEAM
251,Newcastle United FC,Wolverhampton Wanderers FC,DRAW
252,FC Bayern München,FC Schalke 04,HOME_TEAM
253,1. FC Köln,TSG 1899 Hoffenheim,AWAY_TEAM
254,Eintracht Frankfurt,Arminia Bielefeld,DRAW
255,VfB Stuttgart,SC Freiburg,AWAY_TEAM
256,SV Werder Bremen,Hertha BSC,AWAY_TEAM
257,1. FC Union Berlin,FC Augsburg,AWAY_TEAM
258,Borussia Dortmund,Borussia Mönchengladbach,HOME_TEAM
259,RB Leipzig,1. FSV Mainz 05,HOME_TEAM
260,VfL Wolfsburg,Bayer 04 Leverkusen,DRAW
261,Hertha BSC,Eintracht Frankfurt,AWAY_TEAM
262,Borussia Mönchengladbach,1. FC Union Berlin,DRAW
263,Arminia Bielefeld,1. FC Köln,HOME_TEAM
264,Bayer 04 Leverkusen,RB Leipzig,DRAW
265,1. FSV Mainz 05,VfB Stuttgart,AWAY_TEAM
266,FC Augsburg,Borussia Dortmund,HOME_TEAM
267,FC Schalke 04,SV Werder Bremen,AWAY_TEAM
268,TSG 1899 Hoffenheim,FC Bayern München,HOME_TEAM
269,SC Freiburg,VfL Wolfsburg,DRAW
270,1. FC Union Berlin,1. FSV Mainz 05,HOME_TEAM
271,1. FC Köln,Borussia Mönchengladbach,AWAY_TEAM
272,Eintracht Frankfurt,TSG 1899 Hoffenheim,HOME_TEAM
273,Borussia Dortmund,SC Freiburg,HOME_TEAM
274,VfB Stuttgart,Bayer 04 Leverkusen,DRAW
275,SV Werder Bremen,Arminia Bielefeld,HOME_TEAM
276,RB Leipzig,FC Schalke 04,HOME_TEAM
277,VfL Wolfsburg,FC Augsburg,DRAW
278,FC Bayern München,Hertha BSC,HOME_TEAM
279,Hertha BSC,VfB Stuttgart,AWAY_TEAM
280,SC Freiburg,SV Werder Bremen,DRAW
281,1. FSV Mainz 05,Bayer 04 Leverkusen,AWAY_TEAM
282,TSG 1899 Hoffenheim,Borussia Dortmund,AWAY_TEAM
283,FC Augsburg,RB Leipzig,AWAY_TEAM
284,Arminia Bielefeld,FC Bayern München,AWAY_TEAM
285,Borussia Mönchengladbach,VfL Wolfsburg,DRAW
286,1. FC Köln,Eintracht Frankfurt,DRAW
287,FC Schalke 04,1. FC Union Berlin,DRAW
288,VfB Stuttgart,1. FC Köln,DRAW
289,FC Bayern München,Eintracht Frankfurt,HOME_TEAM
290,1. FSV Mainz 05,Borussia Mönchengladbach,AWAY_TEAM
291,1. FC Union Berlin,SC Freiburg,DRAW
292,RB Leipzig,Hertha BSC,HOME_TEAM
293,Borussia Dortmund,FC Schalke 04,HOME_TEAM
294,VfL Wolfsburg,Arminia Bielefeld,HOME_TEAM
295,SV Werder Bremen,TSG 1899 Hoffenheim,DRAW
296,Bayer 04 Leverkusen,FC Augsburg,HOME_TEAM
297,FC Schalke 04,VfB Stuttgart,DRAW
298,1. FC Köln,FC Bayern München,AWAY_TEAM
299,Eintracht Frankfurt,SV Werder Bremen,DRAW
300,Arminia Bielefeld,Borussia Dortmund,AWAY_TEAM
301,FC Augsburg,1. FSV Mainz 05,HOME_TEAM
302,Borussia Mönchengladbach,RB Leipzig,HOME_TEAM
303,SC Freiburg,Bayer 04 Leverkusen,AWAY_TEAM
304,Hertha BSC,VfL Wolfsburg,DRAW
305,TSG 1899 Hoffenheim,1. FC Union Berlin,AWAY_TEAM
306,SV Werder Bremen,1. FC Köln,DRAW
307,VfB Stuttgart,Eintracht Frankfurt,DRAW
308,1. FSV Mainz 05,FC Schalke 04,DRAW
309,FC Augsburg,Hertha BSC,AWAY_TEAM
310,1. FC Union Berlin,Arminia Bielefeld,HOME_TEAM
311,RB Leipzig,SC Freiburg,HOME_TEAM
312,Borussia Dortmund,FC Bayern München,AWAY_TEAM
313,VfL Wolfsburg,TSG 1899 Hoffenheim,HOME_TEAM
314,Bayer 04 Leverkusen,Borussia Mönchengladbach,HOME_TEAM
315,FC Schalke 04,VfL Wolfsburg,AWAY_TEAM
316,Borussia Mönchengladbach,FC Augsburg,DRAW
317,FC Bayern München,SV Werder Bremen,DRAW
318,Arminia Bielefeld,Bayer 04 Leverkusen,AWAY_TEAM
319,TSG 1899 Hoffenheim,VfB Stuttgart,DRAW
320,Eintracht Frankfurt,RB Leipzig,DRAW
321,Hertha BSC,Borussia Dortmund,AWAY_TEAM
322,SC Freiburg,1. FSV Mainz 05,AWAY_TEAM
323,1. FC Köln,1. FC Union Berlin,AWAY_TEAM
324,VfL Wolfsburg,SV Werder Bremen,HOME_TEAM
325,Borussia Dortmund,1. FC Köln,AWAY_TEAM
326,VfB Stuttgart,FC Bayern München,AWAY_TEAM
327,FC Augsburg,SC Freiburg,DRAW
328,1. FC Union Berlin,Eintracht Frankfurt,DRAW
329,RB Leipzig,Arminia Bielefeld,HOME_TEAM
330,Borussia Mönchengladbach,FC Schalke 04,HOME_TEAM
331,Bayer 04 Leverkusen,Hertha BSC,DRAW
332,1. FSV Mainz 05,TSG 1899 Hoffenheim,DRAW
333,Hertha BSC,1. FC Union Berlin,HOME_TEAM
334,1. FC Köln,VfL Wolfsburg,DRAW
335,Eintracht Frankfurt,Borussia Dortmund,DRAW
336,Arminia Bielefeld,1. FSV Mainz 05,HOME_TEAM
337,SC Freiburg,Borussia Mönchengladbach,DRAW
338,FC Bayern München,RB Leipzig,DRAW
339,SV Werder Bremen,VfB Stuttgart,AWAY_TEAM
340,FC Schalke 04,Bayer 04 Leverkusen,AWAY_TEAM
341,TSG 1899 Hoffenheim,FC Augsburg,HOME_TEAM
342,VfL Wolfsburg,Eintracht Frankfurt,HOME_TEAM
343,Borussia Dortmund,VfB Stuttgart,AWAY_TEAM
344,Borussia Mönchengladbach,Hertha BSC,DRAW
345,SC Freiburg,Arminia Bielefeld,HOME_TEAM
346,1. FSV Mainz 05,1. FC Köln,AWAY_TEAM
347,RB Leipzig,SV Werder Bremen,HOME_TEAM
348,1. FC Union Berlin,FC Bayern München,DRAW
349,FC Augsburg,FC Schalke 04,DRAW
350,Bayer 04 Leverkusen,TSG 1899 Hoffenheim,HOME_TEAM
351,Eintracht Frankfurt,Borussia Mönchengladbach,DRAW
352,SV Werder Bremen,Borussia Dortmund,AWAY_TEAM
353,Hertha BSC,1. FSV Mainz 05,DRAW
354,VfB Stuttgart,1. FC Union Berlin,DRAW
355,FC Schalke 04,SC Freiburg,AWAY_TEAM
356,FC Bayern München,VfL Wolfsburg,HOME_TEAM
357,Arminia Bielefeld,FC Augsburg,AWAY_TEAM
358,TSG 1899 Hoffenheim,RB Leipzig,AWAY_TEAM
359,1. FC Köln,Bayer 04 Leverkusen,AWAY_TEAM
360,1. FC Union Berlin,Borussia Dortmund,HOME_TEAM
361,FC Schalke 04,Arminia Bielefeld,AWAY_TEAM
362,Borussia Mönchengladbach,TSG 1899 Hoffenheim,AWAY_TEAM
363,1. FSV Mainz 05,SV Werder Bremen,AWAY_TEAM
364,FC Augsburg,Eintracht Frankfurt,AWAY_TEAM
365,RB Leipzig,1. FC Köln,DRAW
366,Bayer 04 Leverkusen,FC Bayern München,AWAY_TEAM
367,SC Freiburg,Hertha BSC,HOME_TEAM
368,VfL Wolfsburg,VfB Stuttgart,HOME_TEAM
369,1. FC Köln,FC Augsburg,AWAY_TEAM
370,Eintracht Frankfurt,Bayer 04 Leverkusen,HOME_TEAM
371,SV Werder Bremen,1. FC Union Berlin,AWAY_TEAM
372,Arminia Bielefeld,Borussia Mönchengladbach,AWAY_TEAM
373,TSG 1899 Hoffenheim,SC Freiburg,AWAY_TEAM
374,Hertha BSC,FC Schalke 04,HOME_TEAM
375,VfB Stuttgart,RB Leipzig,AWAY_TEAM
376,Borussia Dortmund,VfL Wolfsburg,HOME_TEAM
377,FC Bayern München,1. FSV Mainz 05,HOME_TEAM
378,Borussia Mönchengladbach,FC Bayern München,HOME_TEAM
379,FC Schalke 04,TSG 1899 Hoffenheim,HOME_TEAM
380,Bayer 04 Leverkusen,SV Werder Bremen,DRAW
381,SC Freiburg,1. FC Köln,HOME_TEAM
382,1. FSV Mainz 05,Eintracht Frankfurt,AWAY_TEAM
383,1. FC Union Berlin,VfL Wolfsburg,DRAW
384,RB Leipzig,Borussia Dortmund,AWAY_TEAM
385,FC Augsburg,VfB Stuttgart,AWAY_TEAM
386,Arminia Bielefeld,Hertha BSC,HOME_TEAM
387,1. FC Union Berlin,Bayer 04 Leverkusen,HOME_TEAM
388,1. FC Köln,Hertha BSC,DRAW
389,Borussia Dortmund,1. FSV Mainz 05,DRAW
390,SV Werder Bremen,FC Augsburg,HOME_TEAM
391,VfL Wolfsburg,RB Leipzig,DRAW
392,TSG 1899 Hoffenheim,Arminia Bielefeld,DRAW
393,VfB Stuttgart,Borussia Mönchengladbach,DRAW
394,FC Bayern München,SC Freiburg,HOME_TEAM
395,Eintracht Frankfurt,FC Schalke 04,HOME_TEAM
396,Borussia Mönchengladbach,SV Werder Bremen,HOME_TEAM
397,Hertha BSC,TSG 1899 Hoffenheim,AWAY_TEAM
398,Bayer 04 Leverkusen,Borussia Dortmund,HOME_TEAM
399,1. FSV Mainz 05,VfL Wolfsburg,AWAY_TEAM
400,FC Schalke 04,1. FC Köln,AWAY_TEAM
401,Arminia Bielefeld,VfB Stuttgart,HOME_TEAM
402,SC Freiburg,Eintracht Frankfurt,DRAW
403,FC Augsburg,FC Bayern München,AWAY_TEAM
404,RB Leipzig,1. FC Union Berlin,HOME_TEAM
405,Borussia Mönchengladbach,Borussia Dortmund,HOME_TEAM
406,Arminia Bielefeld,Eintracht Frankfurt,AWAY_TEAM
407,Bayer 04 Leverkusen,VfL Wolfsburg,AWAY_TEAM
408,SC Freiburg,VfB Stuttgart,HOME_TEAM
409,1. FSV Mainz 05,RB Leipzig,HOME_TEAM
410,FC Augsburg,1. FC Union Berlin,HOME_TEAM
411,Hertha BSC,SV Werder Bremen,AWAY_TEAM
412,FC Schalke 04,FC Bayern München,AWAY_TEAM
413,TSG 1899 Hoffenheim,1. FC Köln,HOME_TEAM
414,VfB Stuttgart,1. FSV Mainz 05,HOME_TEAM
415,Eintracht Frankfurt,Hertha BSC,HOME_TEAM
416,Borussia Dortmund,FC Augsburg,HOME_TEAM
417,SV Werder Bremen,FC Schalke 04,DRAW
418,FC Bayern München,TSG 1899 Hoffenheim,HOME_TEAM
419,1. FC Union Berlin,Borussia Mönchengladbach,DRAW
420,RB Leipzig,Bayer 04 Leverkusen,HOME_TEAM
421,1. FC Köln,Arminia Bielefeld,HOME_TEAM
422,VfL Wolfsburg,SC Freiburg,HOME_TEAM
423,Hertha BSC,FC Bayern München,AWAY_TEAM
424,FC Schalke 04,RB Leipzig,AWAY_TEAM
425,Bayer 04 Leverkusen,VfB Stuttgart,HOME_TEAM
426,SC Freiburg,Borussia Dortmund,HOME_TEAM
427,1. FSV Mainz 05,1. FC Union Berlin,HOME_TEAM
428,FC Augsburg,VfL Wolfsburg,AWAY_TEAM
429,Borussia Mönchengladbach,1. FC Köln,AWAY_TEAM
430,TSG 1899 Hoffenheim,Eintracht Frankfurt,AWAY_TEAM
431,RB Leipzig,FC Augsburg,HOME_TEAM
432,Borussia Dortmund,TSG 1899 Hoffenheim,DRAW
433,VfB Stuttgart,Hertha BSC,DRAW
434,SV Werder Bremen,SC Freiburg,DRAW
435,Bayer 04 Leverkusen,1. FSV Mainz 05,DRAW
436,1. FC Union Berlin,FC Schalke 04,DRAW
437,Eintracht Frankfurt,1. FC Köln,HOME_TEAM
438,VfL Wolfsburg,Borussia Mönchengladbach,DRAW
439,FC Bayern München,Arminia Bielefeld,DRAW
440,Arminia Bielefeld,VfL Wolfsburg,AWAY_TEAM
441,1. FC Köln,VfB Stuttgart,AWAY_TEAM
442,Eintracht Frankfurt,FC Bayern München,HOME_TEAM
443,Borussia Mönchengladbach,1. FSV Mainz 05,AWAY_TEAM
444,SC Freiburg,1. FC Union Berlin,AWAY_TEAM
445,FC Schalke 04,Borussia Dortmund,AWAY_TEAM
446,FC Augsburg,Bayer 04 Leverkusen,DRAW
447,Hertha BSC,RB Leipzig,AWAY_TEAM
448,TSG 1899 Hoffenheim,SV Werder Bremen,HOME_TEAM
449,SV Werder Bremen,Eintracht Frankfurt,HOME_TEAM
450,Borussia Dortmund,Arminia Bielefeld,HOME_TEAM
451,VfB Stuttgart,FC Schalke 04,HOME_TEAM
452,FC Bayern München,1. FC Köln,HOME_TEAM
453,VfL Wolfsburg,Hertha BSC,HOME_TEAM
454,RB Leipzig,Borussia Mönchengladbach,HOME_TEAM
455,ACF Fiorentina,Torino FC,HOME_TEAM
456,Hellas Verona FC,AS Roma,HOME_TEAM
457,Parma Calcio 1913,SSC Napoli,AWAY_TEAM
458,Genoa CFC,FC Crotone,HOME_TEAM
459,US Sassuolo Calcio,Cagliari Calcio,DRAW
460,Juventus FC,UC Sampdoria,HOME_TEAM
461,AC Milan,Bologna FC 1909,HOME_TEAM
462,Torino FC,Atalanta BC,AWAY_TEAM
463,UC Sampdoria,Benevento Calcio,AWAY_TEAM
464,Cagliari Calcio,SS Lazio,AWAY_TEAM
465,FC Internazionale Milano,ACF Fiorentina,HOME_TEAM
466,Spezia Calcio,US Sassuolo Calcio,AWAY_TEAM
467,Hellas Verona FC,Udinese Calcio,HOME_TEAM
468,SSC Napoli,Genoa CFC,HOME_TEAM
469,FC Crotone,AC Milan,AWAY_TEAM
470,AS Roma,Juventus FC,DRAW
471,Bologna FC 1909,Parma Calcio 1913,HOME_TEAM
472,Udinese Calcio,Spezia Calcio,AWAY_TEAM
473,Benevento Calcio,FC Internazionale Milano,AWAY_TEAM
474,SS Lazio,Atalanta BC,AWAY_TEAM
475,ACF Fiorentina,UC Sampdoria,AWAY_TEAM
476,US Sassuolo Calcio,FC Crotone,HOME_TEAM
477,Udinese Calcio,AS Roma,AWAY_TEAM
478,Atalanta BC,Cagliari Calcio,HOME_TEAM
479,SS Lazio,FC Internazionale Milano,DRAW
480,Parma Calcio 1913,Hellas Verona FC,HOME_TEAM
481,Benevento Calcio,Bologna FC 1909,HOME_TEAM
482,AC Milan,Spezia Calcio,HOME_TEAM
483,SSC Napoli,Atalanta BC,HOME_TEAM
484,FC Internazionale Milano,AC Milan,AWAY_TEAM
485,UC Sampdoria,SS Lazio,HOME_TEAM
486,FC Crotone,Juventus FC,DRAW
487,Bologna FC 1909,US Sassuolo Calcio,AWAY_TEAM
488,Torino FC,Cagliari Calcio,AWAY_TEAM
489,Spezia Calcio,ACF Fiorentina,DRAW
490,Udinese Calcio,Parma Calcio 1913,HOME_TEAM
491,AS Roma,Benevento Calcio,HOME_TEAM
492,Hellas Verona FC,Genoa CFC,DRAW
493,US Sassuolo Calcio,Torino FC,DRAW
494,Atalanta BC,UC Sampdoria,AWAY_TEAM
495,Genoa CFC,FC Internazionale Milano,AWAY_TEAM
496,SS Lazio,Bologna FC 1909,HOME_TEAM
497,Cagliari Calcio,FC Crotone,HOME_TEAM
498,Parma Calcio 1913,Spezia Calcio,DRAW
499,Benevento Calcio,SSC Napoli,AWAY_TEAM
500,ACF Fiorentina,Udinese Calcio,HOME_TEAM
501,Juventus FC,Hellas Verona FC,DRAW
502,AC Milan,AS Roma,DRAW
503,FC Crotone,Atalanta BC,AWAY_TEAM
504,FC Internazionale Milano,Parma Calcio 1913,DRAW
505,Bologna FC 1909,Cagliari Calcio,HOME_TEAM
506,Udinese Calcio,AC Milan,AWAY_TEAM
507,Torino FC,SS Lazio,AWAY_TEAM
508,Spezia Calcio,Juventus FC,AWAY_TEAM
509,SSC Napoli,US Sassuolo Calcio,AWAY_TEAM
510,AS Roma,ACF Fiorentina,HOME_TEAM
511,UC Sampdoria,Genoa CFC,DRAW
512,Hellas Verona FC,Benevento Calcio,HOME_TEAM
513,Genoa CFC,Torino FC,AWAY_TEAM
514,US Sassuolo Calcio,Udinese Calcio,DRAW
515,Cagliari Calcio,UC Sampdoria,HOME_TEAM
516,Benevento Calcio,Spezia Calcio,AWAY_TEAM
517,Parma Calcio 1913,ACF Fiorentina,DRAW
518,SS Lazio,Juventus FC,DRAW
519,Atalanta BC,FC Internazionale Milano,DRAW
520,Torino FC,FC Crotone,DRAW
521,Genoa CFC,AS Roma,AWAY_TEAM
522,Bologna FC 1909,SSC Napoli,AWAY_TEAM
523,AC Milan,Hellas Verona FC,DRAW
524,FC Crotone,SS Lazio,AWAY_TEAM
525,Spezia Calcio,Atalanta BC,DRAW
526,Juventus FC,Cagliari Calcio,HOME_TEAM
527,ACF Fiorentina,Benevento Calcio,AWAY_TEAM
528,FC Internazionale Milano,Torino FC,HOME_TEAM
529,AS Roma,Parma Calcio 1913,HOME_TEAM
530,UC Sampdoria,Bologna FC 1909,AWAY_TEAM
531,Hellas Verona FC,US Sassuolo Calcio,AWAY_TEAM
532,Udinese Calcio,Genoa CFC,HOME_TEAM
533,SSC Napoli,AC Milan,AWAY_TEAM
534,US Sassuolo Calcio,FC Internazionale Milano,AWAY_TEAM
535,Benevento Calcio,Juventus FC,DRAW
536,Atalanta BC,Hellas Verona FC,AWAY_TEAM
537,SS Lazio,Udinese Calcio,AWAY_TEAM
538,AC Milan,ACF Fiorentina,HOME_TEAM
539,Bologna FC 1909,FC Crotone,HOME_TEAM
540,Cagliari Calcio,Spezia Calcio,DRAW
541,SSC Napoli,AS Roma,HOME_TEAM
542,Torino FC,UC Sampdoria,DRAW
543,Genoa CFC,Parma Calcio 1913,AWAY_TEAM
544,Spezia Calcio,SS Lazio,AWAY_TEAM
545,Juventus FC,Torino FC,HOME_TEAM
546,FC Internazionale Milano,Bologna FC 1909,HOME_TEAM
547,Hellas Verona FC,Cagliari Calcio,DRAW
548,AS Roma,US Sassuolo Calcio,DRAW
549,Parma Calcio 1913,Benevento Calcio,DRAW
550,FC Crotone,SSC Napoli,AWAY_TEAM
551,UC Sampdoria,AC Milan,AWAY_TEAM
552,ACF Fiorentina,Genoa CFC,DRAW
553,US Sassuolo Calcio,Benevento Calcio,HOME_TEAM
554,FC Crotone,Spezia Calcio,HOME_TEAM
555,Torino FC,Udinese Calcio,AWAY_TEAM
556,SS Lazio,Hellas Verona FC,AWAY_TEAM
557,Cagliari Calcio,FC Internazionale Milano,AWAY_TEAM
558,SSC Napoli,UC Sampdoria,HOME_TEAM
559,Atalanta BC,ACF Fiorentina,HOME_TEAM
560,Bologna FC 1909,AS Roma,AWAY_TEAM
561,Genoa CFC,Juventus FC,AWAY_TEAM
562,AC Milan,Parma Calcio 1913,DRAW
563,Udinese Calcio,FC Crotone,DRAW
564,Benevento Calcio,SS Lazio,DRAW
565,Juventus FC,Atalanta BC,DRAW
566,FC Internazionale Milano,SSC Napoli,HOME_TEAM
567,ACF Fiorentina,US Sassuolo Calcio,DRAW
568,Parma Calcio 1913,Cagliari Calcio,DRAW
569,Genoa CFC,AC Milan,DRAW
570,Spezia Calcio,Bologna FC 1909,DRAW
571,Hellas Verona FC,UC Sampdoria,AWAY_TEAM
572,AS Roma,Torino FC,HOME_TEAM
573,ACF Fiorentina,Hellas Verona FC,DRAW
574,UC Sampdoria,FC Crotone,HOME_TEAM
575,Parma Calcio 1913,Juventus FC,AWAY_TEAM
576,Torino FC,Bologna FC 1909,DRAW
577,FC Internazionale Milano,Spezia Calcio,HOME_TEAM
578,Cagliari Calcio,Udinese Calcio,DRAW
579,US Sassuolo Calcio,AC Milan,AWAY_TEAM
580,Benevento Calcio,Genoa CFC,HOME_TEAM
581,Atalanta BC,AS Roma,HOME_TEAM
582,SS Lazio,SSC Napoli,HOME_TEAM
583,FC Crotone,Parma Calcio 1913,HOME_TEAM
584,Juventus FC,ACF Fiorentina,AWAY_TEAM
585,Hellas Verona FC,FC Internazionale Milano,AWAY_TEAM
586,SSC Napoli,Torino FC,DRAW
587,AS Roma,Cagliari Calcio,HOME_TEAM
588,AC Milan,SS Lazio,HOME_TEAM
589,Udinese Calcio,Benevento Calcio,AWAY_TEAM
590,UC Sampdoria,US Sassuolo Calcio,AWAY_TEAM
591,Bologna FC 1909,Atalanta BC,DRAW
592,Spezia Calcio,Genoa CFC,AWAY_TEAM
593,FC Internazionale Milano,FC Crotone,HOME_TEAM
594,ACF Fiorentina,Bologna FC 1909,DRAW
595,AS Roma,UC Sampdoria,HOME_TEAM
596,Parma Calcio 1913,Torino FC,AWAY_TEAM
597,Atalanta BC,US Sassuolo Calcio,HOME_TEAM
598,Cagliari Calcio,SSC Napoli,AWAY_TEAM
599,Genoa CFC,SS Lazio,DRAW
600,Spezia Calcio,Hellas Verona FC,AWAY_TEAM
601,Benevento Calcio,AC Milan,AWAY_TEAM
602,Juventus FC,Udinese Calcio,HOME_TEAM
603,Cagliari Calcio,Benevento Calcio,AWAY_TEAM
604,SS Lazio,ACF Fiorentina,HOME_TEAM
605,Atalanta BC,Parma Calcio 1913,HOME_TEAM
606,UC Sampdoria,FC Internazionale Milano,HOME_TEAM
607,Torino FC,Hellas Verona FC,DRAW
608,Bologna FC 1909,Udinese Calcio,DRAW
609,US Sassuolo Calcio,Genoa CFC,HOME_TEAM
610,FC Crotone,AS Roma,AWAY_TEAM
611,SSC Napoli,Spezia Calcio,AWAY_TEAM
612,AC Milan,Juventus FC,AWAY_TEAM
613,Benevento Calcio,Atalanta BC,AWAY_TEAM
614,Genoa CFC,Bologna FC 1909,HOME_TEAM
615,AC Milan,Torino FC,HOME_TEAM
616,AS Roma,FC Internazionale Milano,DRAW
617,Parma Calcio 1913,SS Lazio,AWAY_TEAM
618,Udinese Calcio,SSC Napoli,AWAY_TEAM
619,Hellas Verona FC,FC Crotone,HOME_TEAM
620,ACF Fiorentina,Cagliari Calcio,HOME_TEAM
621,Juventus FC,US Sassuolo Calcio,HOME_TEAM
622,Spezia Calcio,UC Sampdoria,HOME_TEAM
623,SS Lazio,AS Roma,HOME_TEAM
624,Bologna FC 1909,Hellas Verona FC,HOME_TEAM
625,Torino FC,Spezia Calcio,DRAW
626,UC Sampdoria,Udinese Calcio,HOME_TEAM
627,SSC Napoli,ACF Fiorentina,HOME_TEAM
628,US Sassuolo Calcio,Parma Calcio 1913,DRAW
629,FC Crotone,Benevento Calcio,HOME_TEAM
630,Atalanta BC,Genoa CFC,DRAW
631,FC Internazionale Milano,Juventus FC,HOME_TEAM
632,Cagliari Calcio,AC Milan,AWAY_TEAM
633,Udinese Calcio,Atalanta BC,DRAW
634,Benevento Calcio,Torino FC,DRAW
635,AS Roma,Spezia Calcio,HOME_TEAM
636,AC Milan,Atalanta BC,AWAY_TEAM
637,Udinese Calcio,FC Internazionale Milano,DRAW
638,ACF Fiorentina,FC Crotone,HOME_TEAM
639,Juventus FC,Bologna FC 1909,HOME_TEAM
640,Genoa CFC,Cagliari Calcio,HOME_TEAM
641,Hellas Verona FC,SSC Napoli,HOME_TEAM
642,SS Lazio,US Sassuolo Calcio,HOME_TEAM
643,Parma Calcio 1913,UC Sampdoria,AWAY_TEAM
644,Torino FC,ACF Fiorentina,DRAW
645,Bologna FC 1909,AC Milan,AWAY_TEAM
646,UC Sampdoria,Juventus FC,AWAY_TEAM
647,FC Internazionale Milano,Benevento Calcio,HOME_TEAM
648,Spezia Calcio,Udinese Calcio,AWAY_TEAM
649,Atalanta BC,SS Lazio,AWAY_TEAM
650,Cagliari Calcio,US Sassuolo Calcio,DRAW
651,FC Crotone,Genoa CFC,AWAY_TEAM
652,SSC Napoli,Parma Calcio 1913,HOME_TEAM
653,AS Roma,Hellas Verona FC,HOME_TEAM
654,ACF Fiorentina,FC Internazionale Milano,AWAY_TEAM
655,Atalanta BC,Torino FC,DRAW
656,US Sassuolo Calcio,Spezia Calcio,AWAY_TEAM
657,Juventus FC,AS Roma,HOME_TEAM
658,Genoa CFC,SSC Napoli,HOME_TEAM
659,Benevento Calcio,UC Sampdoria,DRAW
660,AC Milan,FC Crotone,HOME_TEAM
661,Udinese Calcio,Hellas Verona FC,HOME_TEAM
662,Parma Calcio 1913,Bologna FC 1909,AWAY_TEAM
663,SS Lazio,Cagliari Calcio,HOME_TEAM
664,Bologna FC 1909,Benevento Calcio,DRAW
665,Torino FC,Genoa CFC,DRAW
666,SSC Napoli,Juventus FC,HOME_TEAM
667,Spezia Calcio,AC Milan,HOME_TEAM
668,AS Roma,Udinese Calcio,HOME_TEAM
669,UC Sampdoria,ACF Fiorentina,HOME_TEAM
670,Cagliari Calcio,Atalanta BC,AWAY_TEAM
671,FC Crotone,US Sassuolo Calcio,AWAY_TEAM
672,FC Internazionale Milano,SS Lazio,HOME_TEAM
673,Hellas Verona FC,Parma Calcio 1913,HOME_TEAM
674,ACF Fiorentina,Spezia Calcio,HOME_TEAM
675,Cagliari Calcio,Torino FC,AWAY_TEAM
676,SS Lazio,UC Sampdoria,HOME_TEAM
677,Genoa CFC,Hellas Verona FC,DRAW
678,US Sassuolo Calcio,Bologna FC 1909,DRAW
679,Parma Calcio 1913,Udinese Calcio,DRAW
680,AC Milan,FC Internazionale Milano,AWAY_TEAM
681,Atalanta BC,SSC Napoli,HOME_TEAM
682,Benevento Calcio,AS Roma,DRAW
683,Juventus FC,FC Crotone,HOME_TEAM
684,Spezia Calcio,Parma Calcio 1913,DRAW
685,Bologna FC 1909,SS Lazio,HOME_TEAM
686,Hellas Verona FC,Juventus FC,DRAW
687,SD Eibar,RC Celta de Vigo,DRAW
688,Granada CF,Athletic Club,HOME_TEAM
689,Cádiz CF,CA Osasuna,AWAY_TEAM
690,Deportivo Alavés,Real Betis Balompié,AWAY_TEAM
691,Real Valladolid CF,Real Sociedad de Fútbol,DRAW
692,Villarreal CF,SD Huesca,DRAW
693,Valencia CF,Levante UD,HOME_TEAM
694,Villarreal CF,SD Eibar,HOME_TEAM
695,Getafe CF,CA Osasuna,HOME_TEAM
696,RC Celta de Vigo,Valencia CF,HOME_TEAM
697,SD Huesca,Cádiz CF,AWAY_TEAM
698,Real Betis Balompié,Real Valladolid CF,HOME_TEAM
699,Granada CF,Deportivo Alavés,HOME_TEAM
700,Real Sociedad de Fútbol,Real Madrid CF,DRAW
701,Deportivo Alavés,Getafe CF,DRAW
702,Valencia CF,SD Huesca,DRAW
703,Elche CF,Real Sociedad de Fútbol,AWAY_TEAM
704,Real Betis Balompié,Real Madrid CF,AWAY_TEAM
705,CA Osasuna,Levante UD,AWAY_TEAM
706,SD Eibar,Athletic Club,AWAY_TEAM
707,Club Atlético de Madrid,Granada CF,HOME_TEAM
708,Real Valladolid CF,RC Celta de Vigo,DRAW
709,Cádiz CF,Sevilla FC,AWAY_TEAM
710,FC Barcelona,Villarreal CF,HOME_TEAM
711,Real Sociedad de Fútbol,Valencia CF,AWAY_TEAM
712,Getafe CF,Real Betis Balompié,HOME_TEAM
713,Villarreal CF,Deportivo Alavés,HOME_TEAM
714,SD Huesca,Club Atlético de Madrid,DRAW
715,Real Madrid CF,Real Valladolid CF,HOME_TEAM
716,SD Eibar,Elche CF,AWAY_TEAM
717,Sevilla FC,Levante UD,HOME_TEAM
718,Athletic Club,Cádiz CF,AWAY_TEAM
719,RC Celta de Vigo,FC Barcelona,AWAY_TEAM
720,Real Valladolid CF,SD Eibar,AWAY_TEAM
721,Club Atlético de Madrid,Villarreal CF,DRAW
722,Real Sociedad de Fútbol,Getafe CF,HOME_TEAM
723,Elche CF,SD Huesca,DRAW
724,Valencia CF,Real Betis Balompié,AWAY_TEAM
725,CA Osasuna,RC Celta de Vigo,HOME_TEAM
726,Deportivo Alavés,Athletic Club,HOME_TEAM
727,Levante UD,Real Madrid CF,AWAY_TEAM
728,Cádiz CF,Granada CF,DRAW
729,FC Barcelona,Sevilla FC,DRAW
730,Granada CF,Sevilla FC,HOME_TEAM
731,RC Celta de Vigo,Club Atlético de Madrid,AWAY_TEAM
732,Real Madrid CF,Cádiz CF,AWAY_TEAM
733,Getafe CF,FC Barcelona,HOME_TEAM
734,SD Eibar,CA Osasuna,DRAW
735,Athletic Club,Levante UD,HOME_TEAM
736,Villarreal CF,Valencia CF,HOME_TEAM
737,SD Huesca,Real Valladolid CF,DRAW
738,Deportivo Alavés,Elche CF,AWAY_TEAM
739,Real Betis Balompié,Real Sociedad de Fútbol,AWAY_TEAM
740,Elche CF,Valencia CF,HOME_TEAM
741,FC Barcelona,Real Madrid CF,AWAY_TEAM
742,CA Osasuna,Athletic Club,HOME_TEAM
743,Sevilla FC,SD Eibar,AWAY_TEAM
744,Club Atlético de Madrid,Real Betis Balompié,HOME_TEAM
745,Real Valladolid CF,Deportivo Alavés,AWAY_TEAM
746,Cádiz CF,Villarreal CF,DRAW
747,Getafe CF,Granada CF,AWAY_TEAM
748,Real Sociedad de Fútbol,SD Huesca,HOME_TEAM
749,Levante UD,RC Celta de Vigo,DRAW
750,SD Eibar,Cádiz CF,AWAY_TEAM
751,Real Madrid CF,SD Huesca,HOME_TEAM
752,Athletic Club,Sevilla FC,HOME_TEAM
753,CA Osasuna,Club Atlético de Madrid,AWAY_TEAM
754,Deportivo Alavés,FC Barcelona,DRAW
755,Real Betis Balompié,Elche CF,HOME_TEAM
756,RC Celta de Vigo,Real Sociedad de Fútbol,AWAY_TEAM
757,Granada CF,Levante UD,DRAW
758,Valencia CF,Getafe CF,DRAW
759,Villarreal CF,Real Valladolid CF,HOME_TEAM
760,Elche CF,RC Celta de Vigo,DRAW
761,SD Huesca,SD Eibar,DRAW
762,FC Barcelona,Real Betis Balompié,HOME_TEAM
763,Sevilla FC,CA Osasuna,HOME_TEAM
764,Club Atlético de Madrid,Cádiz CF,HOME_TEAM
765,Getafe CF,Villarreal CF,AWAY_TEAM
766,Real Sociedad de Fútbol,Granada CF,HOME_TEAM
767,Levante UD,Deportivo Alavés,DRAW
768,Real Valladolid CF,Athletic Club,HOME_TEAM
769,Valencia CF,Real Madrid CF,HOME_TEAM
770,CA Osasuna,SD Huesca,DRAW
771,Levante UD,Elche CF,DRAW
772,Villarreal CF,Real Madrid CF,DRAW
773,Sevilla FC,RC Celta de Vigo,HOME_TEAM
774,Club Atlético de Madrid,FC Barcelona,HOME_TEAM
775,SD Eibar,Getafe CF,DRAW
776,Cádiz CF,Real Sociedad de Fútbol,AWAY_TEAM
777,Granada CF,Real Valladolid CF,AWAY_TEAM
778,Deportivo Alavés,Valencia CF,DRAW
779,Athletic Club,Real Betis Balompié,HOME_TEAM
780,Real Valladolid CF,Levante UD,DRAW
781,Elche CF,Cádiz CF,DRAW
782,Valencia CF,Club Atlético de Madrid,AWAY_TEAM
783,SD Huesca,Sevilla FC,AWAY_TEAM
784,Real Madrid CF,Deportivo Alavés,AWAY_TEAM
785,FC Barcelona,CA Osasuna,HOME_TEAM
786,Getafe CF,Athletic Club,DRAW
787,RC Celta de Vigo,Granada CF,HOME_TEAM
788,Real Sociedad de Fútbol,Villarreal CF,DRAW
789,Real Betis Balompié,SD Eibar,AWAY_TEAM
790,Athletic Club,RC Celta de Vigo,AWAY_TEAM
791,Levante UD,Getafe CF,HOME_TEAM
792,Sevilla FC,Real Madrid CF,AWAY_TEAM
793,Club Atlético de Madrid,Real Valladolid CF,HOME_TEAM
794,Cádiz CF,FC Barcelona,HOME_TEAM
795,Granada CF,SD Huesca,DRAW
796,CA Osasuna,Real Betis Balompié,AWAY_TEAM
797,Villarreal CF,Elche CF,DRAW
798,Deportivo Alavés,Real Sociedad de Fútbol,DRAW
799,SD Eibar,Valencia CF,DRAW
800,Real Valladolid CF,CA Osasuna,HOME_TEAM
801,Valencia CF,Athletic Club,DRAW
802,Getafe CF,Sevilla FC,AWAY_TEAM
803,SD Huesca,Deportivo Alavés,HOME_TEAM
804,Real Madrid CF,Club Atlético de Madrid,HOME_TEAM
805,Real Sociedad de Fútbol,SD Eibar,DRAW
806,Real Betis Balompié,Villarreal CF,DRAW
807,Elche CF,Granada CF,AWAY_TEAM
808,FC Barcelona,Levante UD,HOME_TEAM
809,RC Celta de Vigo,Cádiz CF,HOME_TEAM
810,Real Madrid CF,Athletic Club,HOME_TEAM
811,FC Barcelona,Real Sociedad de Fútbol,HOME_TEAM
812,Athletic Club,SD Huesca,HOME_TEAM
813,Club Atlético de Madrid,Elche CF,HOME_TEAM
814,FC Barcelona,Valencia CF,DRAW
815,Levante UD,Real Sociedad de Fútbol,HOME_TEAM
816,CA Osasuna,Villarreal CF,AWAY_TEAM
817,Sevilla FC,Real Valladolid CF,DRAW
818,RC Celta de Vigo,Deportivo Alavés,HOME_TEAM
819,Granada CF,Real Betis Balompié,HOME_TEAM
820,Cádiz CF,Getafe CF,AWAY_TEAM
821,SD Eibar,Real Madrid CF,AWAY_TEAM
822,Valencia CF,Sevilla FC,AWAY_TEAM
823,Elche CF,CA Osasuna,DRAW
824,Real Sociedad de Fútbol,Club Atlético de Madrid,AWAY_TEAM
825,SD Huesca,Levante UD,DRAW
826,Real Valladolid CF,FC Barcelona,AWAY_TEAM
827,Villarreal CF,Athletic Club,DRAW
828,Getafe CF,RC Celta de Vigo,DRAW
829,Real Madrid CF,Granada CF,HOME_TEAM
830,Real Betis Balompié,Cádiz CF,HOME_TEAM
831,Deportivo Alavés,SD Eibar,HOME_TEAM
832,Sevilla FC,Villarreal CF,HOME_TEAM
833,FC Barcelona,SD Eibar,DRAW
834,Cádiz CF,Real Valladolid CF,DRAW
835,Levante UD,Real Betis Balompié,HOME_TEAM
836,Granada CF,Valencia CF,HOME_TEAM
837,RC Celta de Vigo,SD Huesca,HOME_TEAM
838,Club Atlético de Madrid,Getafe CF,HOME_TEAM
839,Elche CF,Real Madrid CF,DRAW
840,Athletic Club,Real Sociedad de Fútbol,AWAY_TEAM
841,CA Osasuna,Deportivo Alavés,DRAW
842,Villarreal CF,Levante UD,HOME_TEAM
843,Real Betis Balompié,Sevilla FC,DRAW
844,Getafe CF,Real Valladolid CF,AWAY_TEAM
845,Real Madrid CF,RC Celta de Vigo,HOME_TEAM
846,Athletic Club,Elche CF,HOME_TEAM
847,Deportivo Alavés,Club Atlético de Madrid,AWAY_TEAM
848,Real Sociedad de Fútbol,CA Osasuna,DRAW
849,SD Eibar,Granada CF,HOME_TEAM
850,SD Huesca,FC Barcelona,AWAY_TEAM
851,Valencia CF,Cádiz CF,DRAW
852,Athletic Club,FC Barcelona,AWAY_TEAM
853,RC Celta de Vigo,Villarreal CF,AWAY_TEAM
854,Sevilla FC,Real Sociedad de Fútbol,HOME_TEAM
855,Granada CF,FC Barcelona,AWAY_TEAM
856,CA Osasuna,Real Madrid CF,DRAW
857,Levante UD,SD Eibar,HOME_TEAM
858,Cádiz CF,Deportivo Alavés,HOME_TEAM
859,Real Valladolid CF,Valencia CF,AWAY_TEAM
860,Elche CF,Getafe CF,AWAY_TEAM
861,SD Huesca,Real Betis Balompié,AWAY_TEAM
862,Granada CF,CA Osasuna,HOME_TEAM
863,Club Atlético de Madrid,Sevilla FC,HOME_TEAM
864,Real Valladolid CF,Elche CF,DRAW
865,Cádiz CF,Levante UD,DRAW
866,Deportivo Alavés,Sevilla FC,AWAY_TEAM
867,Getafe CF,SD Huesca,HOME_TEAM
868,Real Betis Balompié,RC Celta de Vigo,HOME_TEAM
869,Villarreal CF,Granada CF,DRAW
870,Valencia CF,CA Osasuna,DRAW
871,SD Eibar,Club Atlético de Madrid,AWAY_TEAM
872,Levante UD,Real Valladolid CF,DRAW
873,SD Huesca,Villarreal CF,DRAW
874,Sevilla FC,Cádiz CF,HOME_TEAM
875,Real Sociedad de Fútbol,Real Betis Balompié,DRAW
876,Deportivo Alavés,Real Madrid CF,AWAY_TEAM
877,CA Osasuna,Granada CF,HOME_TEAM
878,Elche CF,FC Barcelona,AWAY_TEAM
879,RC Celta de Vigo,SD Eibar,DRAW
880,Club Atlético de Madrid,Valencia CF,HOME_TEAM
881,Athletic Club,Getafe CF,HOME_TEAM
882,Real Valladolid CF,SD Huesca,AWAY_TEAM
883,SD Eibar,Sevilla FC,AWAY_TEAM
884,Real Madrid CF,Levante UD,AWAY_TEAM
885,Valencia CF,Elche CF,HOME_TEAM
886,Villarreal CF,Real Sociedad de Fútbol,DRAW
887,Getafe CF,Deportivo Alavés,DRAW
888,Cádiz CF,Club Atlético de Madrid,AWAY_TEAM
889,Granada CF,RC Celta de Vigo,DRAW
890,FC Barcelona,Athletic Club,HOME_TEAM
891,Real Betis Balompié,CA Osasuna,HOME_TEAM
892,Deportivo Alavés,Real Valladolid CF,HOME_TEAM
893,Levante UD,Granada CF,DRAW
894,SD Huesca,Real Madrid CF,AWAY_TEAM
895,Elche CF,Villarreal CF,DRAW
896,Sevilla FC,Getafe CF,HOME_TEAM
897,Real Sociedad de Fútbol,Cádiz CF,HOME_TEAM
898,Athletic Club,Valencia CF,DRAW
899,CA Osasuna,SD Eibar,HOME_TEAM
900,Real Betis Balompié,FC Barcelona,AWAY_TEAM
901,Club Atlético de Madrid,RC Celta de Vigo,DRAW
902,Real Madrid CF,Getafe CF,HOME_TEAM
903,RC Celta de Vigo,Elche CF,HOME_TEAM
904,Granada CF,Club Atlético de Madrid,AWAY_TEAM
905,Sevilla FC,SD Huesca,HOME_TEAM
906,SD Eibar,Real Valladolid CF,DRAW
907,FC Barcelona,Deportivo Alavés,HOME_TEAM
908,Getafe CF,Real Sociedad de Fútbol,AWAY_TEAM
909,Real Madrid CF,Valencia CF,HOME_TEAM
910,Levante UD,CA Osasuna,AWAY_TEAM
911,Villarreal CF,Real Betis Balompié,AWAY_TEAM
912,Cádiz CF,Athletic Club,AWAY_TEAM
913,Levante UD,Club Atlético de Madrid,DRAW
914,Real Betis Balompié,Getafe CF,HOME_TEAM
915,Elche CF,SD Eibar,HOME_TEAM
916,Club Atlético de Madrid,Levante UD,AWAY_TEAM
917,Valencia CF,RC Celta de Vigo,HOME_TEAM
918,Real Valladolid CF,Real Madrid CF,AWAY_TEAM
919,FC Barcelona,Cádiz CF,DRAW
920,Real Sociedad de Fútbol,Deportivo Alavés,HOME_TEAM
921,SD Huesca,Granada CF,HOME_TEAM
922,Athletic Club,Villarreal CF,DRAW
923,CA Osasuna,Sevilla FC,AWAY_TEAM
924,FC Barcelona,Elche CF,HOME_TEAM
925,Levante UD,Athletic Club,DRAW
926,SD Eibar,SD Huesca,DRAW
927,Sevilla FC,FC Barcelona,AWAY_TEAM
928,Deportivo Alavés,CA Osasuna,AWAY_TEAM
929,Getafe CF,Valencia CF,HOME_TEAM
930,FC Girondins de Bordeaux,FC Nantes,DRAW
931,Dijon Football Côte d'Or,Angers SCO,AWAY_TEAM
932,Lille OSC,Stade Rennais FC 1901,DRAW
933,AS Monaco FC,Stade de Reims,DRAW
934,FC Lorient,RC Strasbourg Alsace,HOME_TEAM
935,Nîmes Olympique,Stade Brestois 29,HOME_TEAM
936,OGC Nice,Racing Club de Lens,HOME_TEAM
937,Olympique Lyonnais,Dijon Football Côte d'Or,HOME_TEAM
938,Stade Rennais FC 1901,Montpellier HSC,HOME_TEAM
939,RC Strasbourg Alsace,OGC Nice,AWAY_TEAM
940,Stade de Reims,Lille OSC,AWAY_TEAM
941,AS Saint-Étienne,FC Lorient,HOME_TEAM
942,Angers SCO,FC Girondins de Bordeaux,AWAY_TEAM
943,FC Nantes,Nîmes Olympique,HOME_TEAM
944,FC Metz,AS Monaco FC,AWAY_TEAM
945,Stade Brestois 29,Olympique de Marseille,AWAY_TEAM
946,Racing Club de Lens,Paris Saint-Germain FC,HOME_TEAM
947,FC Girondins de Bordeaux,Olympique Lyonnais,DRAW
948,Montpellier HSC,OGC Nice,HOME_TEAM
949,AS Saint-Étienne,RC Strasbourg Alsace,HOME_TEAM
950,Lille OSC,FC Metz,HOME_TEAM
951,FC Lorient,Racing Club de Lens,AWAY_TEAM
952,Angers SCO,Stade de Reims,HOME_TEAM
953,Dijon Football Côte d'Or,Stade Brestois 29,AWAY_TEAM
954,Nîmes Olympique,Stade Rennais FC 1901,AWAY_TEAM
955,AS Monaco FC,FC Nantes,HOME_TEAM
956,Paris Saint-Germain FC,Olympique de Marseille,AWAY_TEAM
957,Montpellier HSC,Olympique Lyonnais,HOME_TEAM
958,Paris Saint-Germain FC,FC Metz,HOME_TEAM
959,Olympique de Marseille,AS Saint-Étienne,AWAY_TEAM
960,Olympique Lyonnais,Nîmes Olympique,DRAW
961,Racing Club de Lens,FC Girondins de Bordeaux,HOME_TEAM
962,Stade Rennais FC 1901,AS Monaco FC,HOME_TEAM
963,OGC Nice,Paris Saint-Germain FC,AWAY_TEAM
964,Montpellier HSC,Angers SCO,HOME_TEAM
965,Stade Brestois 29,FC Lorient,HOME_TEAM
966,FC Metz,Stade de Reims,HOME_TEAM
967,RC Strasbourg Alsace,Dijon Football Côte d'Or,HOME_TEAM
968,FC Nantes,AS Saint-Étienne,DRAW
969,Olympique de Marseille,Lille OSC,DRAW
970,Lille OSC,FC Nantes,HOME_TEAM
971,AS Saint-Étienne,Stade Rennais FC 1901,AWAY_TEAM
972,Olympique de Marseille,FC Metz,DRAW
973,FC Girondins de Bordeaux,OGC Nice,DRAW
974,Angers SCO,Stade Brestois 29,HOME_TEAM
975,AS Monaco FC,RC Strasbourg Alsace,HOME_TEAM
976,Dijon Football Côte d'Or,Montpellier HSC,DRAW
977,Nîmes Olympique,Racing Club de Lens,DRAW
978,FC Lorient,Olympique Lyonnais,DRAW
979,Stade de Reims,Paris Saint-Germain FC,AWAY_TEAM
980,Paris Saint-Germain FC,Angers SCO,HOME_TEAM
981,Racing Club de Lens,AS Saint-Étienne,HOME_TEAM
982,OGC Nice,FC Nantes,HOME_TEAM
983,Montpellier HSC,Nîmes Olympique,AWAY_TEAM
984,FC Girondins de Bordeaux,Dijon Football Côte d'Or,HOME_TEAM
985,Stade Brestois 29,AS Monaco FC,HOME_TEAM
986,FC Metz,FC Lorient,HOME_TEAM
987,RC Strasbourg Alsace,Lille OSC,AWAY_TEAM
988,Stade Rennais FC 1901,Stade de Reims,DRAW
989,Olympique Lyonnais,Olympique de Marseille,DRAW
990,Dijon Football Côte d'Or,Stade Rennais FC 1901,DRAW
991,Nîmes Olympique,Paris Saint-Germain FC,AWAY_TEAM
992,Stade de Reims,FC Lorient,AWAY_TEAM
993,Olympique de Marseille,FC Girondins de Bordeaux,HOME_TEAM
994,RC Strasbourg Alsace,Olympique Lyonnais,AWAY_TEAM
995,Angers SCO,FC Metz,DRAW
996,FC Nantes,Stade Brestois 29,HOME_TEAM
997,AS Monaco FC,Montpellier HSC,DRAW
998,AS Saint-Étienne,OGC Nice,AWAY_TEAM
999,Lille OSC,Racing Club de Lens,HOME_TEAM
1000,Stade Rennais FC 1901,Angers SCO,AWAY_TEAM
1001,FC Lorient,Olympique de Marseille,AWAY_TEAM
1002,Paris Saint-Germain FC,Dijon Football Côte d'Or,HOME_TEAM
1003,Montpellier HSC,Stade de Reims,AWAY_TEAM
1004,FC Girondins de Bordeaux,Nîmes Olympique,HOME_TEAM
1005,Stade Brestois 29,RC Strasbourg Alsace,AWAY_TEAM
1006,FC Metz,AS Saint-Étienne,HOME_TEAM
1007,OGC Nice,Lille OSC,DRAW
1008,Olympique Lyonnais,AS Monaco FC,HOME_TEAM
1009,Stade Rennais FC 1901,Stade Brestois 29,HOME_TEAM
1010,FC Nantes,Paris Saint-Germain FC,AWAY_TEAM
1011,AS Saint-Étienne,Montpellier HSC,AWAY_TEAM
1012,Stade de Reims,RC Strasbourg Alsace,HOME_TEAM
1013,Angers SCO,OGC Nice,AWAY_TEAM
1014,Dijon Football Côte d'Or,FC Lorient,DRAW
1015,Nîmes Olympique,FC Metz,AWAY_TEAM
1016,AS Monaco FC,FC Girondins de Bordeaux,HOME_TEAM
1017,Lille OSC,Olympique Lyonnais,DRAW
1018,RC Strasbourg Alsace,Olympique de Marseille,AWAY_TEAM
1019,FC Girondins de Bordeaux,Montpellier HSC,AWAY_TEAM
1020,Paris Saint-Germain FC,Stade Rennais FC 1901,HOME_TEAM
1021,Stade Brestois 29,Lille OSC,HOME_TEAM
1022,FC Lorient,FC Nantes,AWAY_TEAM
1023,Racing Club de Lens,Stade de Reims,DRAW
1024,Nîmes Olympique,Angers SCO,AWAY_TEAM
1025,FC Metz,Dijon Football Côte d'Or,DRAW
1026,OGC Nice,AS Monaco FC,AWAY_TEAM
1027,Olympique Lyonnais,AS Saint-Étienne,HOME_TEAM
1028,Stade Rennais FC 1901,FC Girondins de Bordeaux,AWAY_TEAM
1029,AS Monaco FC,Paris Saint-Germain FC,HOME_TEAM
1030,Stade Brestois 29,AS Saint-Étienne,HOME_TEAM
1031,FC Nantes,FC Metz,DRAW
1032,Dijon Football Côte d'Or,Racing Club de Lens,AWAY_TEAM
1033,Montpellier HSC,RC Strasbourg Alsace,HOME_TEAM
1034,Stade de Reims,Nîmes Olympique,AWAY_TEAM
1035,Angers SCO,Olympique Lyonnais,AWAY_TEAM
1036,Lille OSC,FC Lorient,HOME_TEAM
1037,Racing Club de Lens,FC Nantes,DRAW
1038,RC Strasbourg Alsace,Stade Rennais FC 1901,DRAW
1039,Olympique de Marseille,FC Nantes,HOME_TEAM
1040,Paris Saint-Germain FC,FC Girondins de Bordeaux,DRAW
1041,Olympique Lyonnais,Stade de Reims,HOME_TEAM
1042,FC Lorient,Montpellier HSC,AWAY_TEAM
1043,AS Monaco FC,Nîmes Olympique,HOME_TEAM
1044,Racing Club de Lens,Angers SCO,AWAY_TEAM
1045,FC Metz,Stade Brestois 29,AWAY_TEAM
1046,OGC Nice,Dijon Football Côte d'Or,AWAY_TEAM
1047,AS Saint-Étienne,Lille OSC,DRAW
1048,Nîmes Olympique,Olympique de Marseille,AWAY_TEAM
1049,Stade Rennais FC 1901,Racing Club de Lens,AWAY_TEAM
1050,Montpellier HSC,Paris Saint-Germain FC,AWAY_TEAM
1051,Lille OSC,AS Monaco FC,HOME_TEAM
1052,FC Girondins de Bordeaux,Stade Brestois 29,HOME_TEAM
1053,Angers SCO,FC Lorient,HOME_TEAM
1054,FC Nantes,RC Strasbourg Alsace,AWAY_TEAM
1055,Dijon Football Côte d'Or,AS Saint-Étienne,DRAW
1056,Stade de Reims,OGC Nice,DRAW
1057,FC Metz,Olympique Lyonnais,AWAY_TEAM
1058,AS Saint-Étienne,Angers SCO,DRAW
1059,Olympique de Marseille,AS Monaco FC,HOME_TEAM
1060,Racing Club de Lens,Montpellier HSC,AWAY_TEAM
1061,OGC Nice,Stade Rennais FC 1901,AWAY_TEAM
1062,Stade Brestois 29,Stade de Reims,HOME_TEAM
1063,FC Lorient,Nîmes Olympique,HOME_TEAM
1064,FC Nantes,Dijon Football Côte d'Or,DRAW
1065,RC Strasbourg Alsace,FC Metz,DRAW
1066,Lille OSC,FC Girondins de Bordeaux,HOME_TEAM
1067,Paris Saint-Germain FC,Olympique Lyonnais,AWAY_TEAM
1068,Montpellier HSC,FC Metz,AWAY_TEAM
1069,Stade de Reims,FC Nantes,HOME_TEAM
1070,Angers SCO,RC Strasbourg Alsace,AWAY_TEAM
1071,Dijon Football Côte d'Or,Lille OSC,AWAY_TEAM
1072,Nîmes Olympique,OGC Nice,AWAY_TEAM
1073,Paris Saint-Germain FC,FC Lorient,HOME_TEAM
1074,Olympique Lyonnais,Stade Brestois 29,DRAW
1075,FC Girondins de Bordeaux,AS Saint-Étienne,AWAY_TEAM
1076,Stade Rennais FC 1901,Olympique de Marseille,HOME_TEAM
1077,AS Monaco FC,Racing Club de Lens,AWAY_TEAM
1078,FC Metz,Racing Club de Lens,HOME_TEAM
1079,Olympique de Marseille,Stade de Reims,DRAW
1080,OGC Nice,Olympique Lyonnais,AWAY_TEAM
1081,Stade Brestois 29,Montpellier HSC,DRAW
1082,AS Saint-Étienne,Nîmes Olympique,DRAW
1083,FC Nantes,Angers SCO,DRAW
1084,Dijon Football Côte d'Or,AS Monaco FC,AWAY_TEAM
1085,RC Strasbourg Alsace,FC Girondins de Bordeaux,AWAY_TEAM
1086,FC Lorient,Stade Rennais FC 1901,AWAY_TEAM
1087,Lille OSC,Paris Saint-Germain FC,DRAW
1088,FC Girondins de Bordeaux,Stade de Reims,AWAY_TEAM
1089,Stade Rennais FC 1901,FC Metz,HOME_TEAM
1090,OGC Nice,FC Lorient,DRAW
1091,Racing Club de Lens,Stade Brestois 29,HOME_TEAM
1092,Nîmes Olympique,Dijon Football Côte d'Or,AWAY_TEAM
1093,Montpellier HSC,Lille OSC,AWAY_TEAM
1094,Paris Saint-Germain FC,RC Strasbourg Alsace,HOME_TEAM
1095,Olympique Lyonnais,FC Nantes,HOME_TEAM
1096,Angers SCO,Olympique de Marseille,HOME_TEAM
1097,AS Monaco FC,AS Saint-Étienne,DRAW
1098,Stade Brestois 29,OGC Nice,HOME_TEAM
1099,FC Lorient,AS Monaco FC,AWAY_TEAM
1100,FC Nantes,Stade Rennais FC 1901,DRAW
1101,FC Metz,FC Girondins de Bordeaux,DRAW
1102,RC Strasbourg Alsace,Nîmes Olympique,HOME_TEAM
1103,Lille OSC,Angers SCO,AWAY_TEAM
1104,Olympique Lyonnais,Racing Club de Lens,HOME_TEAM
1105,AS Saint-Étienne,Paris Saint-Germain FC,DRAW
1106,Olympique de Marseille,Montpellier HSC,HOME_TEAM
1107,Stade de Reims,Dijon Football Côte d'Or,DRAW
1108,Montpellier HSC,FC Nantes,DRAW
1109,Paris Saint-Germain FC,Stade Brestois 29,HOME_TEAM
1110,FC Girondins de Bordeaux,FC Lorient,HOME_TEAM
1111,Stade Rennais FC 1901,Olympique Lyonnais,DRAW
1112,Stade de Reims,AS Saint-Étienne,HOME_TEAM
1113,AS Monaco FC,Angers SCO,HOME_TEAM
1114,Dijon Football Côte d'Or,Olympique de Marseille,DRAW
1115,Racing Club de Lens,RC Strasbourg Alsace,AWAY_TEAM
1116,Nîmes Olympique,Lille OSC,AWAY_TEAM
1117,FC Metz,OGC Nice,DRAW
1118,Montpellier HSC,AS Monaco FC,AWAY_TEAM
1119,Olympique de Marseille,Nîmes Olympique,AWAY_TEAM
1120,Angers SCO,Paris Saint-Germain FC,AWAY_TEAM
1121,Stade Brestois 29,Stade Rennais FC 1901,AWAY_TEAM
1122,OGC Nice,FC Girondins de Bordeaux,AWAY_TEAM
1123,FC Nantes,Racing Club de Lens,DRAW
1124,RC Strasbourg Alsace,AS Saint-Étienne,HOME_TEAM
1125,Lille OSC,Stade de Reims,HOME_TEAM
1126,Olympique Lyonnais,FC Metz,AWAY_TEAM
1127,Olympique de Marseille,Racing Club de Lens,AWAY_TEAM
1128,Paris Saint-Germain FC,Montpellier HSC,HOME_TEAM
1129,Racing Club de Lens,OGC Nice,AWAY_TEAM
1130,AS Monaco FC,Olympique de Marseille,HOME_TEAM
1131,FC Girondins de Bordeaux,Angers SCO,HOME_TEAM
1132,Stade de Reims,Stade Brestois 29,HOME_TEAM
1133,Dijon Football Côte d'Or,RC Strasbourg Alsace,DRAW
1134,FC Metz,FC Nantes,HOME_TEAM
1135,Stade Rennais FC 1901,Lille OSC,AWAY_TEAM
1136,AS Saint-Étienne,Olympique Lyonnais,AWAY_TEAM
1137,FC Lorient,Dijon Football Côte d'Or,HOME_TEAM
1138,Olympique Lyonnais,FC Girondins de Bordeaux,HOME_TEAM
1139,Montpellier HSC,Racing Club de Lens,AWAY_TEAM
1140,OGC Nice,AS Saint-Étienne,AWAY_TEAM
1141,Stade Brestois 29,FC Metz,AWAY_TEAM
1142,FC Lorient,Paris Saint-Germain FC,HOME_TEAM
1143,Angers SCO,Nîmes Olympique,HOME_TEAM
1144,RC Strasbourg Alsace,Stade de Reims,AWAY_TEAM
1145,Lille OSC,Dijon Football Côte d'Or,HOME_TEAM
1146,FC Nantes,AS Monaco FC,AWAY_TEAM
1147,FC Girondins de Bordeaux,Lille OSC,AWAY_TEAM
1148,Stade Rennais FC 1901,FC Lorient,DRAW
1149,Stade de Reims,Angers SCO,DRAW
1150,FC Metz,Montpellier HSC,DRAW
1151,RC Strasbourg Alsace,Stade Brestois 29,DRAW
1152,Paris Saint-Germain FC,Nîmes Olympique,HOME_TEAM
1153,AS Saint-Étienne,FC Nantes,DRAW
1154,AS Monaco FC,OGC Nice,HOME_TEAM
1155,Dijon Football Côte d'Or,Olympique Lyonnais,AWAY_TEAM
1156,Racing Club de Lens,Olympique de Marseille,DRAW
1157,FC Lorient,Stade de Reims,HOME_TEAM
1158,Olympique Lyonnais,RC Strasbourg Alsace,HOME_TEAM
1159,Racing Club de Lens,Stade Rennais FC 1901,DRAW
1160,Stade Brestois 29,FC Girondins de Bordeaux,HOME_TEAM
1161,Montpellier HSC,Dijon Football Côte d'Or,HOME_TEAM
1162,AS Saint-Étienne,FC Metz,HOME_TEAM
1163,OGC Nice,Angers SCO,HOME_TEAM
1164,Nîmes Olympique,AS Monaco FC,AWAY_TEAM
1165,FC Nantes,Lille OSC,AWAY_TEAM
1166,Olympique de Marseille,Paris Saint-Germain FC,AWAY_TEAM
1167,Paris Saint-Germain FC,OGC Nice,HOME_TEAM
1168,Stade de Reims,Racing Club de Lens,DRAW
1169,Olympique Lyonnais,Montpellier HSC,AWAY_TEAM
1170,AS Monaco FC,FC Lorient,DRAW
1171,Stade Rennais FC 1901,AS Saint-Étienne,AWAY_TEAM
1172,Angers SCO,FC Nantes,AWAY_TEAM
1173,Dijon Football Côte d'Or,Nîmes Olympique,AWAY_TEAM
1174,FC Metz,RC Strasbourg Alsace,AWAY_TEAM
1175,Lille OSC,Stade Brestois 29,DRAW
1176,FC Girondins de Bordeaux,Olympique de Marseille,DRAW
1177,Olympique de Marseille,OGC Nice,HOME_TEAM
1178,Stade Brestois 29,Olympique Lyonnais,AWAY_TEAM
1179,AS Saint-Étienne,Stade de Reims,DRAW
1180,FC Nantes,Olympique de Marseille,DRAW
1181,Montpellier HSC,Stade Rennais FC 1901,HOME_TEAM
1182,OGC Nice,FC Metz,AWAY_TEAM
1183,Racing Club de Lens,Dijon Football Côte d'Or,HOME_TEAM
1184,Nîmes Olympique,FC Girondins de Bordeaux,HOME_TEAM
1185,RC Strasbourg Alsace,Angers SCO,DRAW
1186,FC Lorient,Lille OSC,AWAY_TEAM
1187,Paris Saint-Germain FC,AS Monaco FC,AWAY_TEAM
1188,Nîmes Olympique,FC Lorient,HOME_TEAM
1189,Stade Rennais FC 1901,OGC Nice,AWAY_TEAM
1190,FC Girondins de Bordeaux,FC Metz,AWAY_TEAM
1191,Dijon Football Côte d'Or,Paris Saint-Germain FC,AWAY_TEAM
